age,income,credit_score,employment_years,loan_amount,debt_ratio,num_accounts,gender,education,city_tier,default
56,72127.0,541.0,3,29378,0.739,1,F,Bachelor,Tier2,1
69,,531.0,30,55353,0.78,8,M,Bachelor,Tier3,1
46,64651.0,583.0,27,50996,0.667,8,F,Bachelor,Tier3,0
32,30106.0,499.0,10,15031,0.242,7,F,Bachelor,Tier1,1
60,25666.0,378.0,0,81072,0.773,14,F,Master,Tier2,1
25,38366.0,472.0,37,66982,0.502,8,M,Bachelor,Tier1,0
78,43097.0,766.0,23,37683,0.745,3,F,Bachelor,Tier2,0
38,94444.0,715.0,30,18618,0.541,11,F,Bachelor,Tier1,0
56,,748.0,25,7587,0.246,2,M,High School,Tier2,0
75,,386.0,4,63790,0.296,7,M,High School,Tier2,1
36,80665.0,400.0,19,32480,0.44,8,M,PhD,Tier3,0
40,49046.0,307.0,10,99530,0.632,1,M,Master,Tier1,1
28,26314.0,499.0,32,21527,0.254,12,F,Bachelor,Tier3,1
28,,804.0,37,24569,0.464,10,M,Bachelor,Tier3,1
41,25089.0,386.0,26,12151,0.276,9,M,High School,Tier2,1
70,26248.0,342.0,33,72094,0.653,13,M,Bachelor,Tier1,0
53,23759.0,684.0,14,60174,0.373,11,M,Bachelor,Tier2,0
57,22739.0,734.0,31,45739,0.061,4,F,Bachelor,Tier2,0
41,42898.0,707.0,20,33954,0.133,14,M,Bachelor,Tier2,0
20,31921.0,782.0,4,36303,0.049,12,F,High School,Tier1,1
39,6379.0,316.0,5,35700,0.399,14,M,High School,Tier1,1
70,31757.0,447.0,37,94036,0.085,4,F,PhD,Tier2,0
19,28030.0,576.0,21,68568,0.091,3,F,Bachelor,Tier1,1
41,56750.0,531.0,17,67788,0.753,6,M,Bachelor,Tier2,1
61,27401.0,665.0,13,72045,0.698,1,F,High School,Tier1,1
47,129266.0,527.0,9,38842,0.362,6,M,High School,Tier1,0
55,73013.0,735.0,12,14900,0.789,2,F,Master,Tier3,0
19,29882.0,698.0,30,81059,0.0,9,F,Bachelor,Tier2,0
77,64525.0,510.0,29,2881,0.491,2,F,Bachelor,Tier3,1
38,47221.0,690.0,2,34037,0.493,7,M,High School,Tier3,0
50,40812.0,798.0,29,2630,0.366,12,F,Master,Tier2,0
29,54248.0,839.0,5,21789,0.318,1,M,High School,Tier2,0
75,37310.0,790.0,28,89059,0.364,12,F,High School,Tier1,0
39,40952.0,741.0,7,84494,0.332,7,F,Bachelor,Tier2,0
78,54812.0,560.0,32,47151,0.584,5,F,High School,Tier3,0
61,101338.0,,16,49920,0.108,8,F,High School,Tier3,0
42,41175.0,,10,68231,0.158,4,F,Bachelor,Tier2,0
66,28943.0,819.0,12,81357,0.144,12,F,Bachelor,Tier3,0
44,13165.0,619.0,10,4262,0.21,10,M,Master,Tier1,0
76,96824.0,437.0,30,67981,0.42,7,M,Bachelor,Tier3,0
59,31836.0,849.0,27,82972,0.089,6,M,High School,Tier1,0
45,47448.0,667.0,5,76485,0.695,5,F,High School,Tier3,1
77,94179.0,519.0,15,55722,0.238,4,M,PhD,Tier1,0
33,40692.0,636.0,3,90499,0.13,7,F,Bachelor,Tier1,0
32,32947.0,522.0,34,51818,0.54,12,M,Master,Tier2,0
79,73853.0,659.0,25,30932,0.03,5,M,High School,Tier1,0
79,45723.0,628.0,11,7901,0.496,5,F,Bachelor,Tier2,0
64,48681.0,762.0,10,9597,0.559,1,F,High School,Tier3,1
79,16956.0,681.0,36,64909,0.172,2,M,Bachelor,Tier3,0
68,66367.0,468.0,24,73391,,5,M,PhD,Tier3,0
61,43817.0,516.0,17,85214,0.291,13,M,PhD,Tier1,1
72,18291.0,677.0,18,9263,0.079,3,M,Bachelor,Tier3,0
69,46283.0,418.0,22,64293,0.093,14,F,Bachelor,Tier3,0
74,12948.0,489.0,37,26805,0.203,13,M,PhD,Tier2,1
20,117123.0,669.0,17,92679,0.236,2,F,Bachelor,Tier2,0
54,20932.0,448.0,25,12874,0.424,14,F,High School,Tier3,1
68,81299.0,787.0,5,94065,0.543,14,M,Bachelor,Tier3,0
24,24185.0,673.0,3,87402,0.474,4,F,High School,Tier1,1
38,48055.0,459.0,28,15079,0.119,4,M,Bachelor,Tier1,0
26,23015.0,650.0,33,50850,,4,F,Bachelor,Tier3,1
56,59787.0,587.0,16,73779,,4,F,Bachelor,Tier2,1
35,32284.0,587.0,15,96408,0.447,3,M,Bachelor,Tier3,0
21,,525.0,1,10018,0.696,13,F,High School,Tier1,1
42,36590.0,822.0,33,50500,0.297,12,F,Bachelor,Tier2,0
77,18346.0,821.0,7,13100,0.492,7,M,Master,Tier2,0
31,46725.0,,12,58021,0.419,9,F,Bachelor,Tier1,1
67,28236.0,701.0,7,20800,0.255,12,F,Bachelor,Tier3,0
75,61246.0,482.0,29,64400,0.376,5,M,PhD,Tier3,0
26,32275.0,787.0,31,93446,0.402,4,M,PhD,Tier3,1
43,34948.0,,35,30437,0.161,11,F,High School,Tier1,0
70,84243.0,713.0,29,77537,0.252,2,F,High School,Tier2,0
19,119469.0,471.0,0,47675,0.633,2,F,Master,Tier1,1
37,53799.0,587.0,38,20942,0.733,5,M,Master,Tier3,1
45,532761.0,734.0,16,21862,0.288,7,F,PhD,Tier1,0
64,30111.0,412.0,19,12669,0.246,10,F,Master,Tier2,0
77,24116.0,421.0,23,54772,0.156,10,F,Bachelor,Tier1,0
24,26565.0,843.0,21,16916,0.543,9,F,Bachelor,Tier3,0
61,31672.0,521.0,28,11878,,13,F,High School,Tier2,0
78,96967.0,338.0,21,3985,0.79,7,F,High School,Tier1,1
25,32905.0,796.0,8,98905,0.261,5,M,Bachelor,Tier1,1
64,19672.0,532.0,36,74648,0.315,10,M,Bachelor,Tier2,1
52,37079.0,829.0,9,42235,0.483,10,F,Bachelor,Tier2,1
31,39698.0,448.0,35,19931,0.641,10,F,Master,Tier3,1
34,36968.0,696.0,36,93876,,6,M,High School,Tier2,0
53,54168.0,601.0,27,1336,0.338,11,M,Bachelor,Tier3,0
67,37590.0,659.0,27,43933,0.797,12,M,High School,Tier1,0
57,53335.0,537.0,20,85899,0.008,3,F,Bachelor,Tier3,1
21,24583.0,535.0,23,46536,0.716,5,F,Master,Tier1,1
19,88465.0,502.0,39,70504,0.119,8,F,Bachelor,Tier2,0
79,41201.0,555.0,1,52148,0.629,1,F,PhD,Tier1,1
23,44360.0,534.0,7,17279,0.494,12,M,High School,Tier2,0
71,532761.0,644.0,26,69665,0.273,1,M,Bachelor,Tier1,0
59,45977.0,833.0,21,72386,0.699,7,M,Bachelor,Tier1,1
21,50288.0,765.0,36,87124,0.01,14,M,Bachelor,Tier1,0
71,20233.0,840.0,26,78485,0.181,5,F,Master,Tier1,0
46,15842.0,512.0,28,75055,0.454,14,F,Bachelor,Tier3,0
35,42059.0,762.0,2,92911,0.281,5,M,Master,Tier1,0
43,28441.0,735.0,12,99618,0.488,1,M,High School,Tier3,1
61,41355.0,582.0,9,78273,0.019,9,M,Master,Tier2,0
51,19043.0,762.0,35,67670,0.093,1,M,High School,Tier2,0
27,16643.0,706.0,8,77474,0.102,5,M,Master,Tier3,1
79,,387.0,26,55028,0.151,10,F,Bachelor,Tier2,0
53,30488.0,343.0,33,91022,0.367,9,F,Bachelor,Tier2,0
31,12640.0,760.0,0,92632,0.602,14,M,Bachelor,Tier1,1
48,71079.0,577.0,31,72128,0.724,4,M,PhD,Tier1,1
65,18885.0,720.0,24,19108,0.668,13,M,High School,Tier1,0
32,131486.0,652.0,28,53495,0.158,8,F,Bachelor,Tier3,0
25,26582.0,814.0,6,83806,0.353,6,F,Master,Tier3,0
31,44390.0,318.0,2,94185,0.16,11,F,Bachelor,Tier2,1
40,82741.0,322.0,19,77533,0.212,3,M,High School,Tier1,1
77,76093.0,712.0,19,57830,0.403,4,F,Bachelor,Tier3,0
74,98033.0,329.0,29,75640,0.054,2,M,Bachelor,Tier3,0
79,16957.0,407.0,34,53509,0.175,1,F,PhD,Tier1,0
57,20579.0,,34,67406,0.748,13,F,Master,Tier3,1
38,40659.0,580.0,38,95220,0.373,14,F,Bachelor,Tier1,0
33,55263.0,427.0,26,40519,0.356,8,M,PhD,Tier2,1
62,36112.0,528.0,25,50649,,1,M,Bachelor,Tier2,0
35,16010.0,410.0,13,35524,0.198,14,F,High School,Tier2,1
64,46550.0,435.0,16,97493,0.693,13,M,High School,Tier1,1
70,32954.0,661.0,17,34885,0.132,11,M,Bachelor,Tier3,0
41,32757.0,485.0,28,45369,0.332,1,M,High School,Tier2,0
43,11626.0,428.0,19,96402,,4,M,PhD,Tier2,1
42,54108.0,560.0,26,31676,0.383,10,M,Master,Tier2,0
77,39050.0,814.0,17,65093,0.017,12,M,High School,Tier3,0
77,89106.0,,3,48764,0.656,10,M,Bachelor,Tier3,0
77,34987.0,403.0,0,51799,0.66,6,F,Master,Tier1,1
62,48202.0,,0,80414,0.63,9,M,PhD,Tier2,1
58,55045.0,523.0,25,94095,0.227,1,M,Master,Tier3,0
46,15167.0,790.0,19,73307,0.67,7,F,Bachelor,Tier1,1
32,134369.0,772.0,22,83062,0.434,10,F,Master,Tier2,0
62,29278.0,309.0,9,96432,0.299,11,F,Bachelor,Tier3,1
18,46503.0,704.0,10,32923,0.5,5,F,Bachelor,Tier3,1
42,50025.0,601.0,4,79388,0.01,12,M,High School,Tier1,1
24,24163.0,530.0,0,48574,0.114,8,F,High School,Tier2,1
26,91444.0,365.0,16,44391,0.594,14,F,Bachelor,Tier2,1
41,41480.0,411.0,21,54664,0.195,7,M,High School,Tier3,0
18,32639.0,312.0,33,68384,0.478,4,M,High School,Tier2,1
61,38919.0,692.0,28,32027,0.308,4,M,Master,Tier1,0
25,53216.0,799.0,3,36464,0.684,6,F,High School,Tier3,1
41,36512.0,533.0,4,35485,0.762,6,M,Bachelor,Tier3,1
28,56441.0,613.0,10,20456,0.707,9,F,Bachelor,Tier1,1
68,15639.0,311.0,20,75795,0.216,12,M,PhD,Tier3,1
34,24984.0,508.0,34,36554,0.155,5,M,Bachelor,Tier2,0
25,12464.0,313.0,11,47922,0.38,8,F,High School,Tier2,1
52,98568.0,717.0,25,14409,0.006,5,M,Bachelor,Tier3,0
52,97928.0,736.0,18,70327,0.021,2,M,Master,Tier1,0
50,49677.0,676.0,6,92400,0.443,6,M,PhD,Tier1,1
76,21887.0,319.0,6,37639,0.416,9,M,Bachelor,Tier2,1
22,,369.0,25,64627,,13,M,Bachelor,Tier1,0
59,26843.0,,39,84424,0.161,3,F,PhD,Tier3,0
56,32643.0,400.0,4,20692,0.206,1,F,High School,Tier3,1
75,39330.0,431.0,20,90037,0.091,1,M,Bachelor,Tier2,0
58,45513.0,680.0,13,79840,0.734,13,F,Bachelor,Tier2,1
45,50106.0,431.0,3,55200,0.622,3,F,High School,Tier2,1
24,51122.0,319.0,22,94063,0.658,10,F,Bachelor,Tier1,1
26,33783.0,835.0,19,58415,,5,M,High School,Tier3,0
25,50718.0,526.0,14,19074,0.42,3,M,Bachelor,Tier3,0
29,33037.0,453.0,28,16549,0.361,9,M,PhD,Tier3,0
51,48516.0,768.0,7,30963,0.264,8,F,High School,Tier2,0
50,,704.0,18,92456,,3,F,Master,Tier3,0
65,53179.0,501.0,38,97362,0.363,9,M,High School,Tier1,1
72,49960.0,337.0,27,53265,0.361,13,M,Bachelor,Tier1,1
40,29108.0,487.0,26,17061,0.75,6,F,High School,Tier3,1
79,45677.0,356.0,3,59226,,13,F,PhD,Tier2,1
41,,319.0,14,29810,0.637,7,M,Master,Tier3,1
54,19042.0,572.0,34,61006,0.605,4,F,Bachelor,Tier1,1
52,31665.0,418.0,36,23800,0.544,4,F,Master,Tier1,1
61,49220.0,815.0,0,76476,0.133,12,F,Bachelor,Tier1,0
57,85361.0,520.0,2,70460,0.047,13,F,PhD,Tier3,0
39,54855.0,825.0,23,58767,0.553,2,F,Master,Tier1,1
44,88096.0,814.0,26,29054,0.583,5,F,PhD,Tier2,1
52,29756.0,635.0,39,76319,0.038,8,F,Bachelor,Tier3,0
18,41154.0,354.0,35,46397,0.742,7,M,High School,Tier3,1
52,54331.0,799.0,33,14233,0.073,7,M,Bachelor,Tier1,0
54,11348.0,835.0,28,91020,0.229,6,F,High School,Tier1,0
64,77296.0,461.0,23,26068,0.538,3,F,Bachelor,Tier2,0
31,14321.0,458.0,23,66727,0.136,5,F,Bachelor,Tier3,1
20,59782.0,487.0,3,91610,0.044,13,M,Bachelor,Tier1,1
18,,,2,71453,0.265,1,M,High School,Tier2,0
22,11273.0,618.0,33,26832,0.613,7,F,High School,Tier1,1
43,11561.0,510.0,22,87242,0.331,9,M,Bachelor,Tier3,0
72,74327.0,705.0,22,14682,0.522,1,F,PhD,Tier1,0
31,66660.0,408.0,4,93298,0.464,13,F,Bachelor,Tier3,1
56,23378.0,375.0,30,24383,0.018,2,F,Bachelor,Tier1,0
44,23366.0,841.0,5,59160,0.791,3,F,Master,Tier3,1
26,46924.0,613.0,36,94332,0.033,3,F,Bachelor,Tier2,0
32,36084.0,416.0,9,24666,0.774,8,F,High School,Tier3,1
32,61524.0,318.0,39,59817,0.44,7,F,Bachelor,Tier2,1
43,46156.0,731.0,6,92198,0.771,6,M,High School,Tier3,0
59,80138.0,649.0,38,35642,0.092,10,F,PhD,Tier2,0
77,58985.0,482.0,37,42830,0.392,10,M,High School,Tier1,0
30,52072.0,412.0,20,11234,0.136,11,F,Bachelor,Tier3,0
68,30452.0,482.0,19,58616,0.041,4,F,High School,Tier1,1
49,29358.0,780.0,2,10221,0.494,9,M,High School,Tier2,0
56,35387.0,445.0,21,12410,0.166,1,M,Master,Tier3,1
66,91169.0,412.0,3,81055,0.47,11,F,High School,Tier3,0
69,532761.0,775.0,27,62413,0.09,2,M,High School,Tier1,0
78,41368.0,602.0,11,2051,0.266,14,F,Bachelor,Tier3,0
49,11820.0,417.0,37,76301,0.625,4,F,High School,Tier3,1
21,50914.0,460.0,35,77918,0.35,3,M,High School,Tier1,1
47,112262.0,700.0,4,79116,,1,M,Master,Tier3,0
54,,497.0,12,57563,0.518,5,M,Master,Tier1,1
40,177587.0,559.0,22,98859,0.675,7,M,PhD,Tier1,1
56,39780.0,346.0,29,45757,0.26,2,F,Master,Tier1,1
62,10031.0,698.0,36,78475,0.55,5,M,Bachelor,Tier1,0
32,29948.0,377.0,24,52257,0.769,6,M,High School,Tier1,1
60,70630.0,423.0,26,96500,,11,M,Master,Tier2,0
46,98682.0,,13,1307,0.392,7,M,Master,Tier2,0
53,52002.0,436.0,35,57889,0.505,1,M,Master,Tier1,0
30,79522.0,699.0,38,69895,0.592,7,F,Bachelor,Tier2,0
49,20152.0,804.0,15,96184,0.49,4,F,High School,Tier2,1
24,25844.0,799.0,21,36944,0.013,8,M,Master,Tier3,1
76,15682.0,437.0,20,39134,0.156,13,M,Master,Tier1,0
68,26835.0,349.0,20,28323,0.648,4,F,PhD,Tier2,0
39,53154.0,,7,72762,0.218,6,M,High School,Tier3,0
45,40389.0,,15,88225,0.585,9,F,High School,Tier3,1
19,56045.0,846.0,30,97507,0.298,5,F,High School,Tier1,0
59,,601.0,9,26954,0.418,14,M,Master,Tier1,0
62,23440.0,648.0,31,56021,0.054,12,F,High School,Tier3,0
79,40227.0,348.0,33,90959,0.145,4,M,High School,Tier1,1
74,26867.0,373.0,8,96927,0.766,8,M,PhD,Tier1,1
70,69628.0,560.0,16,80866,0.712,13,F,High School,Tier3,0
23,26536.0,655.0,10,71427,0.522,9,F,Master,Tier3,1
45,28347.0,559.0,31,5992,,4,M,Bachelor,Tier1,1
45,44775.0,594.0,9,2961,0.541,3,F,Master,Tier2,1
61,,612.0,21,13497,0.495,8,M,Bachelor,Tier1,1
61,19585.0,481.0,16,33551,,14,F,PhD,Tier2,1
37,20958.0,663.0,3,77384,0.047,5,F,PhD,Tier3,0
47,47518.0,487.0,24,56755,0.506,2,M,High School,Tier2,1
79,18409.0,842.0,20,14255,0.615,10,M,High School,Tier3,0
28,73026.0,847.0,36,5567,0.795,9,M,High School,Tier1,1
75,25714.0,707.0,37,49847,0.009,3,F,Bachelor,Tier1,0
72,49419.0,713.0,0,49003,0.584,12,M,Master,Tier3,0
45,26497.0,641.0,24,21389,0.457,2,M,Bachelor,Tier3,1
42,22979.0,519.0,35,45523,0.347,1,F,Bachelor,Tier3,1
56,41070.0,462.0,16,62576,0.102,14,F,High School,Tier1,0
79,,519.0,23,44919,0.327,8,M,Master,Tier1,1
50,32090.0,569.0,1,83103,0.284,11,M,PhD,Tier2,0
18,35145.0,699.0,39,4358,0.242,3,M,High School,Tier3,1
74,54377.0,481.0,14,89535,0.585,7,M,Bachelor,Tier2,0
44,55285.0,504.0,31,77524,0.561,1,F,High School,Tier1,0
79,35623.0,527.0,38,98057,0.471,1,F,Bachelor,Tier2,1
74,29093.0,549.0,5,6698,0.751,12,M,Bachelor,Tier2,1
69,37847.0,740.0,0,67809,0.28,9,M,High School,Tier1,0
30,33009.0,832.0,22,94079,0.195,12,M,Bachelor,Tier1,0
58,42467.0,495.0,38,56805,0.525,8,F,Bachelor,Tier3,0
20,19987.0,818.0,16,32349,0.159,12,M,Bachelor,Tier2,0
56,41713.0,369.0,33,77777,0.252,13,M,Bachelor,Tier1,1
23,25357.0,,28,51248,0.18,3,F,High School,Tier1,0
25,57121.0,502.0,8,76033,0.055,6,F,Master,Tier2,0
44,25945.0,447.0,12,99239,0.662,11,M,Master,Tier1,1
26,26171.0,771.0,5,45041,0.204,3,M,Bachelor,Tier3,0
79,45374.0,498.0,5,32954,0.378,13,F,High School,Tier3,0
54,36574.0,725.0,19,9002,0.035,12,M,Master,Tier2,0
50,113360.0,791.0,2,70783,0.559,4,M,PhD,Tier3,1
68,16080.0,441.0,16,88234,0.264,1,F,High School,Tier1,1
59,38365.0,612.0,11,20738,0.596,5,F,Bachelor,Tier1,1
61,63884.0,464.0,0,11703,0.33,1,F,High School,Tier1,1
41,27196.0,613.0,16,50422,0.157,13,M,Bachelor,Tier1,0
32,23033.0,320.0,2,84106,0.411,1,F,High School,Tier2,1
76,23495.0,381.0,25,62899,0.104,10,F,Bachelor,Tier3,1
71,16220.0,430.0,14,13392,0.352,11,M,Bachelor,Tier3,1
49,71314.0,604.0,35,45724,0.254,11,M,Bachelor,Tier1,0
49,30797.0,670.0,31,33299,0.73,14,F,Bachelor,Tier2,1
41,29027.0,683.0,31,16641,0.049,7,F,Bachelor,Tier1,0
58,,744.0,3,80534,0.555,12,M,Bachelor,Tier1,1
69,17732.0,724.0,17,7305,0.146,6,M,High School,Tier2,0
66,75560.0,460.0,18,99262,0.255,2,F,High School,Tier2,0
79,42258.0,477.0,34,19782,0.332,14,F,Master,Tier1,0
66,65072.0,789.0,39,79257,0.726,11,M,High School,Tier3,0
75,61083.0,626.0,13,78963,0.194,12,F,Master,Tier1,0
69,22019.0,588.0,32,21566,0.073,2,M,PhD,Tier3,0
29,122384.0,653.0,13,68766,0.255,11,F,High School,Tier3,0
79,96265.0,327.0,33,7511,0.084,7,M,Bachelor,Tier2,0
56,,342.0,3,27177,,1,M,Bachelor,Tier2,1
19,,722.0,23,5765,0.459,13,F,Master,Tier1,1
20,30385.0,,28,21354,0.049,2,F,PhD,Tier3,0
66,40910.0,828.0,18,24929,0.025,12,M,Master,Tier3,0
54,27340.0,793.0,5,29820,0.572,8,F,High School,Tier1,0
66,32507.0,497.0,32,30523,0.289,6,F,Bachelor,Tier1,0
73,23996.0,816.0,39,72088,0.1,14,F,Bachelor,Tier1,0
34,57573.0,813.0,18,67163,0.203,2,M,Bachelor,Tier2,1
76,37489.0,321.0,0,78525,0.514,7,F,High School,Tier1,0
66,,411.0,4,14780,0.22,4,F,High School,Tier1,1
19,66909.0,356.0,26,7589,0.396,2,M,Master,Tier3,0
19,12244.0,365.0,15,35812,0.097,12,F,Bachelor,Tier1,1
45,24704.0,397.0,5,94664,0.47,6,F,Bachelor,Tier3,1
71,26581.0,443.0,39,46939,0.253,11,M,Bachelor,Tier3,0
40,131358.0,734.0,12,52493,0.502,9,M,Master,Tier2,0
54,39124.0,385.0,34,94326,0.647,11,F,Master,Tier1,1
49,54517.0,643.0,18,41953,0.489,9,F,High School,Tier1,0
50,14180.0,593.0,11,66785,0.237,14,M,High School,Tier3,1
18,39011.0,542.0,15,20309,0.205,8,M,High School,Tier2,1
36,59227.0,331.0,9,55195,0.262,3,F,PhD,Tier2,1
79,55881.0,690.0,24,26901,0.132,3,F,Bachelor,Tier1,0
19,49597.0,576.0,19,24576,0.145,2,F,Bachelor,Tier3,0
70,36552.0,831.0,30,32508,0.633,5,M,Bachelor,Tier1,0
61,37450.0,453.0,3,75711,0.308,14,F,Bachelor,Tier1,1
43,15574.0,682.0,22,26464,0.349,12,M,Master,Tier1,0
49,,367.0,1,61281,0.475,14,M,Bachelor,Tier1,1
23,40760.0,513.0,21,17260,0.472,4,M,High School,Tier3,1
49,25387.0,675.0,36,36440,0.054,7,F,High School,Tier2,0
72,51247.0,512.0,7,96082,0.665,4,F,Bachelor,Tier1,1
21,45861.0,378.0,6,57683,0.142,9,F,PhD,Tier1,1
72,71947.0,680.0,13,42430,0.578,12,M,Bachelor,Tier1,1
28,58637.0,357.0,2,2987,0.618,12,F,Master,Tier1,1
73,40685.0,325.0,15,26105,0.572,2,M,Master,Tier2,1
76,52785.0,746.0,18,79484,0.463,11,M,High School,Tier2,0
34,60027.0,365.0,17,14026,0.012,14,M,High School,Tier2,1
55,28177.0,553.0,15,69309,0.288,6,M,High School,Tier2,0
41,30801.0,343.0,7,46927,,7,M,Master,Tier1,0
22,34599.0,396.0,32,76414,0.31,4,M,High School,Tier3,0
69,,526.0,11,58535,,13,F,Bachelor,Tier2,1
51,60345.0,735.0,10,43946,0.247,6,M,Bachelor,Tier2,0
23,26538.0,678.0,4,57561,0.235,7,F,Master,Tier1,0
39,67902.0,477.0,26,11377,0.213,4,M,High School,Tier1,0
28,30227.0,726.0,11,54592,0.266,8,F,Bachelor,Tier1,0
65,,606.0,16,8347,0.446,9,F,Bachelor,Tier1,0
33,39466.0,803.0,5,34776,0.566,1,F,Bachelor,Tier3,0
50,22292.0,567.0,32,4783,0.53,7,F,Master,Tier3,1
26,35956.0,307.0,4,56798,0.646,9,M,High School,Tier2,1
77,42908.0,807.0,27,5298,0.709,12,M,Master,Tier3,0
76,35166.0,775.0,13,71204,0.653,10,M,Bachelor,Tier2,1
23,18557.0,596.0,4,87207,0.015,5,M,Bachelor,Tier2,0
33,85026.0,463.0,32,56161,0.589,12,F,Bachelor,Tier3,0
46,37943.0,784.0,18,61652,0.167,2,F,Bachelor,Tier2,0
20,24412.0,371.0,21,35484,0.106,10,F,High School,Tier1,1
37,81665.0,537.0,4,99614,0.511,6,M,Bachelor,Tier2,1
77,49448.0,403.0,1,21922,0.256,12,F,Bachelor,Tier1,0
76,19928.0,509.0,29,35028,0.046,12,M,Bachelor,Tier3,0
53,21541.0,767.0,38,21316,0.11,7,F,Bachelor,Tier3,0
36,32493.0,753.0,3,77996,0.001,2,F,PhD,Tier2,0
43,42135.0,,32,17968,0.723,2,F,Bachelor,Tier1,0
20,49582.0,685.0,12,31266,0.02,10,F,High School,Tier2,0
36,58401.0,686.0,19,96745,0.168,14,F,Bachelor,Tier3,1
37,,,6,25000,0.333,12,M,Master,Tier2,1
49,71208.0,582.0,14,15011,0.285,10,F,Master,Tier2,1
24,38692.0,339.0,22,3866,0.729,1,M,Bachelor,Tier1,1
69,24839.0,785.0,13,6898,0.032,4,M,Master,Tier3,0
58,36254.0,519.0,22,19395,0.41,7,M,High School,Tier2,1
50,35084.0,428.0,18,40019,0.544,14,M,Bachelor,Tier1,1
57,10005.0,819.0,28,5006,,9,M,Master,Tier2,0
56,27427.0,559.0,19,35393,,3,M,Master,Tier1,0
35,42493.0,665.0,28,11956,,12,M,Bachelor,Tier1,0
57,29374.0,843.0,23,51042,0.067,11,M,Master,Tier2,0
18,26288.0,823.0,17,97199,0.309,7,F,High School,Tier3,0
28,57278.0,315.0,9,7078,0.299,7,F,Master,Tier3,1
45,22965.0,428.0,7,30631,0.709,7,M,Bachelor,Tier1,1
74,51834.0,408.0,25,96676,0.121,2,M,High School,Tier3,0
42,18650.0,832.0,28,63901,0.122,6,M,High School,Tier1,0
67,144405.0,568.0,9,70497,0.263,2,F,Bachelor,Tier3,0
40,32602.0,461.0,16,95813,0.044,6,F,High School,Tier2,1
48,30895.0,559.0,1,42574,0.146,13,M,Bachelor,Tier3,1
47,64314.0,401.0,5,32417,0.772,10,M,High School,Tier1,1
59,29455.0,805.0,4,89020,0.343,3,F,High School,Tier1,0
52,75166.0,546.0,27,84639,0.506,14,F,Bachelor,Tier3,0
24,43730.0,836.0,4,66006,0.581,2,M,Bachelor,Tier2,1
77,34228.0,430.0,17,95881,0.294,12,M,Bachelor,Tier1,1
33,32451.0,652.0,25,40454,0.118,14,M,Master,Tier1,0
43,66422.0,495.0,19,2587,0.165,6,M,Master,Tier1,1
65,40751.0,681.0,26,55710,0.251,2,F,Master,Tier1,1
74,45078.0,526.0,11,87567,0.509,5,F,Bachelor,Tier1,0
69,47595.0,775.0,6,92748,0.319,2,M,Master,Tier2,0
77,38811.0,776.0,2,76886,0.005,3,M,High School,Tier3,0
66,47095.0,564.0,9,19816,0.419,3,M,High School,Tier2,1
19,34229.0,671.0,33,86824,0.737,6,F,Bachelor,Tier2,1
18,35422.0,785.0,24,30432,0.65,6,M,Master,Tier1,1
65,20752.0,733.0,34,49617,0.66,10,M,High School,Tier2,0
79,42145.0,510.0,15,73373,0.636,3,M,High School,Tier1,1
29,15370.0,676.0,1,35217,,3,F,High School,Tier2,1
22,41847.0,694.0,23,21884,0.612,13,M,Master,Tier1,0
54,31561.0,749.0,9,6454,0.115,12,F,Bachelor,Tier1,0
49,43795.0,663.0,37,75960,0.526,13,M,High School,Tier2,0
76,21495.0,756.0,21,44618,0.513,1,M,Bachelor,Tier2,1
72,12585.0,525.0,25,84948,0.02,7,M,Bachelor,Tier3,0
26,30472.0,430.0,38,63671,0.63,13,F,Bachelor,Tier3,1
58,21526.0,775.0,26,48111,0.723,8,M,High School,Tier3,1
52,14909.0,576.0,28,40613,0.214,2,M,Master,Tier2,0
36,,455.0,37,86678,0.65,4,F,Bachelor,Tier2,1
65,,517.0,19,60993,0.066,10,F,Bachelor,Tier1,0
33,24380.0,489.0,26,9848,0.48,7,F,High School,Tier3,1
20,,716.0,19,79672,0.389,8,M,Bachelor,Tier1,1
37,31135.0,845.0,18,67125,0.437,1,F,Bachelor,Tier1,0
41,26122.0,340.0,19,87444,,4,M,Bachelor,Tier1,1
71,50608.0,606.0,34,62602,0.697,6,F,High School,Tier1,1
73,60178.0,637.0,1,73045,0.628,3,F,Master,Tier3,0
50,23522.0,613.0,29,43222,0.219,5,F,High School,Tier1,0
41,37137.0,374.0,33,50223,0.729,10,M,Bachelor,Tier2,1
69,69027.0,578.0,21,66333,0.078,9,M,Master,Tier2,1
28,51252.0,475.0,2,53732,0.683,11,M,Bachelor,Tier2,1
66,55207.0,572.0,5,50420,0.263,13,M,Master,Tier3,0
25,71969.0,588.0,14,76504,0.043,3,M,Bachelor,Tier1,1
53,71497.0,571.0,26,3462,0.535,5,M,Bachelor,Tier3,1
55,60737.0,365.0,9,10460,0.185,8,M,Master,Tier1,0
57,39044.0,782.0,8,10275,0.195,6,M,High School,Tier3,1
37,29994.0,547.0,32,95213,0.245,4,M,Bachelor,Tier3,1
79,38243.0,455.0,31,14269,0.051,8,F,Master,Tier1,0
52,27800.0,346.0,5,66942,0.142,11,F,Bachelor,Tier3,1
65,,753.0,35,73920,0.004,3,M,Bachelor,Tier1,0
79,31579.0,500.0,1,23553,0.356,3,M,Bachelor,Tier2,1
42,43423.0,423.0,28,25366,0.067,4,M,Master,Tier2,0
52,27074.0,300.0,3,45036,0.546,9,M,PhD,Tier2,1
42,32978.0,490.0,0,18369,0.188,5,F,Bachelor,Tier3,0
46,33623.0,815.0,18,12795,0.755,8,F,Bachelor,Tier2,1
35,71569.0,741.0,25,71021,0.697,6,M,PhD,Tier1,0
63,30341.0,442.0,24,69154,0.232,3,F,High School,Tier2,0
35,71561.0,490.0,9,31143,0.627,8,F,High School,Tier2,1
19,9355.0,832.0,14,30425,0.643,12,M,Master,Tier3,1
71,71248.0,526.0,21,89209,0.789,9,M,Master,Tier1,1
52,69473.0,612.0,20,76139,0.478,8,M,Master,Tier3,0
33,57018.0,601.0,21,6368,0.066,13,M,Bachelor,Tier3,0
78,13280.0,759.0,35,5621,0.517,4,F,High School,Tier1,1
58,60442.0,700.0,33,59829,0.5,14,M,Bachelor,Tier3,0
53,35416.0,692.0,29,61294,0.511,14,F,High School,Tier1,0
50,10253.0,506.0,24,15719,0.246,13,M,High School,Tier2,1
21,69500.0,,27,30227,,11,F,Master,Tier1,0
50,74763.0,414.0,0,8566,0.768,6,M,High School,Tier1,1
31,14013.0,550.0,3,13306,0.174,1,M,Master,Tier1,0
38,39644.0,518.0,6,54822,0.071,4,F,Bachelor,Tier3,1
65,72714.0,706.0,8,25042,0.156,8,F,Bachelor,Tier1,0
37,67176.0,,35,16086,,1,F,High School,Tier1,0
73,55162.0,653.0,18,18387,0.541,3,M,Bachelor,Tier1,0
25,9666.0,849.0,0,28042,0.509,1,F,High School,Tier2,1
24,52301.0,441.0,9,90424,0.321,9,F,PhD,Tier1,1
20,32563.0,800.0,35,52618,0.462,2,F,Master,Tier3,1
34,59750.0,846.0,8,93050,0.246,9,F,Bachelor,Tier1,0
50,41277.0,841.0,31,19323,0.382,13,F,High School,Tier1,0
65,35956.0,806.0,31,19019,0.634,4,F,PhD,Tier2,1
29,50033.0,580.0,5,76426,0.785,2,F,Bachelor,Tier1,1
76,33324.0,723.0,37,41863,0.746,4,F,High School,Tier3,1
68,35877.0,569.0,16,11283,0.747,12,F,Bachelor,Tier1,1
39,27512.0,453.0,9,19279,0.322,11,M,PhD,Tier3,1
72,16273.0,382.0,26,47999,0.375,11,M,High School,Tier2,1
39,48239.0,725.0,34,63780,0.565,10,F,High School,Tier1,1
63,24269.0,574.0,20,23908,0.738,6,M,PhD,Tier2,1
47,32846.0,583.0,24,62584,0.114,11,M,High School,Tier1,1
55,41918.0,472.0,27,51225,0.243,7,F,High School,Tier3,0
55,12802.0,626.0,14,38952,0.111,3,F,Bachelor,Tier2,0
62,14318.0,,3,38663,0.49,3,F,Master,Tier1,0
68,31261.0,372.0,28,62381,0.245,12,F,Bachelor,Tier3,0
71,45582.0,,8,48929,0.261,10,F,PhD,Tier2,0
25,52681.0,807.0,26,10343,0.057,12,F,Bachelor,Tier1,0
44,16388.0,697.0,25,77173,0.28,8,M,High School,Tier2,1
44,49926.0,419.0,18,40791,,5,F,PhD,Tier1,1
51,,736.0,27,30134,0.186,4,M,Bachelor,Tier3,0
38,23351.0,764.0,16,48101,0.556,7,F,High School,Tier3,0
47,26257.0,585.0,19,70443,0.504,7,F,Bachelor,Tier2,1
50,54226.0,564.0,39,58530,0.691,13,M,Bachelor,Tier2,1
45,41647.0,619.0,38,47799,0.106,9,F,High School,Tier1,0
64,37240.0,675.0,22,5827,0.782,9,F,High School,Tier3,1
50,41017.0,388.0,31,97143,0.466,5,M,Bachelor,Tier1,1
22,57759.0,502.0,32,63653,0.796,13,F,Master,Tier3,1
77,34594.0,633.0,4,14699,0.729,12,M,Bachelor,Tier2,1
78,37315.0,521.0,33,92419,0.177,13,F,PhD,Tier1,1
65,64156.0,340.0,39,6313,0.045,8,F,High School,Tier1,0
36,30767.0,,10,14598,0.205,10,M,High School,Tier3,0
21,49467.0,813.0,2,29807,0.422,1,F,High School,Tier3,0
52,28230.0,426.0,32,71423,0.137,9,M,High School,Tier3,0
66,29497.0,554.0,10,70390,0.134,8,M,High School,Tier2,1
34,34474.0,315.0,15,46226,0.37,6,M,Master,Tier1,1
61,46987.0,,17,60550,0.027,13,F,PhD,Tier3,0
45,65978.0,361.0,29,81072,0.098,3,F,PhD,Tier2,0
47,38111.0,731.0,9,4558,0.333,3,M,High School,Tier3,0
46,,567.0,17,76308,0.051,8,F,Master,Tier1,0
63,49797.0,334.0,37,51113,0.317,5,F,Bachelor,Tier3,1
70,,793.0,18,53999,0.379,10,F,High School,Tier1,0
23,38343.0,768.0,35,56878,0.361,11,M,Master,Tier2,0
52,,624.0,12,37343,0.695,14,F,Bachelor,Tier2,0
77,39530.0,603.0,2,59219,0.424,7,M,High School,Tier3,0
58,36260.0,575.0,9,36186,0.374,5,F,Bachelor,Tier1,0
54,34767.0,500.0,37,37966,0.329,8,F,High School,Tier1,1
41,532761.0,744.0,0,34769,0.654,10,M,Master,Tier1,0
46,72340.0,623.0,26,54218,0.716,10,F,Bachelor,Tier3,1
66,51112.0,334.0,7,20229,0.683,4,M,PhD,Tier1,1
63,33978.0,781.0,16,76209,0.539,2,F,High School,Tier1,0
70,63757.0,779.0,8,28877,0.11,3,M,Bachelor,Tier1,0
48,17207.0,364.0,5,59001,0.221,8,F,Bachelor,Tier1,1
52,25386.0,307.0,24,98137,0.037,11,F,Bachelor,Tier3,0
77,26841.0,600.0,38,39084,0.745,13,F,Bachelor,Tier3,0
50,35757.0,642.0,27,82780,0.529,7,M,Master,Tier1,1
69,46787.0,,32,93892,0.597,13,M,Master,Tier1,1
78,32847.0,723.0,36,17806,0.249,2,M,PhD,Tier2,0
38,23086.0,631.0,8,89635,0.677,6,F,Master,Tier2,1
49,59125.0,737.0,17,38034,0.208,9,M,Master,Tier1,0
40,32282.0,473.0,20,41317,,4,M,Bachelor,Tier1,1
50,38218.0,826.0,1,56468,,9,M,Master,Tier2,0
20,47836.0,325.0,37,20094,0.457,2,M,Bachelor,Tier2,1
35,37028.0,705.0,39,58796,0.383,2,M,Bachelor,Tier1,0
42,37109.0,531.0,35,11589,0.69,9,M,Bachelor,Tier3,0
59,60793.0,832.0,36,58221,0.084,12,M,Bachelor,Tier3,0
48,39170.0,849.0,14,2657,0.443,7,M,High School,Tier1,1
71,55904.0,804.0,27,99300,0.41,7,M,PhD,Tier1,1
75,47683.0,478.0,17,40531,0.225,1,M,Bachelor,Tier2,0
20,99552.0,431.0,33,53227,0.658,13,F,High School,Tier2,1
57,44565.0,754.0,21,4164,0.602,11,F,Bachelor,Tier3,0
63,49960.0,647.0,10,94078,0.586,6,M,High School,Tier1,1
41,62996.0,839.0,12,84973,0.701,13,F,High School,Tier2,1
67,37489.0,705.0,3,42247,,7,F,High School,Tier3,0
49,26398.0,375.0,21,20601,,11,M,Bachelor,Tier3,1
64,28650.0,791.0,6,94966,0.564,14,M,Bachelor,Tier3,1
39,28788.0,493.0,23,51599,0.246,6,M,Master,Tier2,0
40,22580.0,461.0,3,72545,0.194,6,F,Master,Tier2,0
19,42569.0,646.0,27,5552,0.058,2,M,Bachelor,Tier1,0
44,26509.0,660.0,14,10417,0.595,6,F,Bachelor,Tier1,1
59,40031.0,386.0,0,59579,0.569,4,M,Bachelor,Tier3,1
19,33545.0,561.0,2,69207,0.188,9,F,Master,Tier3,0
43,,513.0,13,73055,0.6,12,F,High School,Tier2,1
34,47955.0,561.0,37,79270,0.734,1,M,High School,Tier2,1
57,27696.0,582.0,0,4722,0.086,13,M,Master,Tier1,0
50,49983.0,766.0,37,71442,0.186,8,F,Bachelor,Tier1,0
26,79511.0,679.0,37,96632,0.6,5,F,High School,Tier1,1
60,43111.0,661.0,20,41031,0.22,1,M,High School,Tier2,0
71,24561.0,748.0,28,80235,0.5,4,M,PhD,Tier3,0
65,26701.0,740.0,4,22438,0.065,1,F,Master,Tier1,1
56,32076.0,392.0,9,59819,0.362,6,M,Master,Tier1,1
46,26972.0,723.0,27,44856,0.591,2,F,Bachelor,Tier2,0
59,22123.0,441.0,20,34576,0.549,5,M,Bachelor,Tier1,1
72,39230.0,590.0,6,42938,0.652,7,M,PhD,Tier3,1
43,32513.0,,2,50028,0.702,2,M,PhD,Tier2,1
52,39929.0,348.0,19,60807,0.619,6,F,High School,Tier1,0
67,,601.0,18,50877,0.537,6,M,Master,Tier1,1
42,32267.0,489.0,34,98783,0.025,5,F,High School,Tier2,0
41,20076.0,,3,44461,0.428,5,M,High School,Tier2,1
30,,703.0,4,94474,0.03,14,F,Bachelor,Tier1,1
77,532761.0,640.0,0,41469,0.646,3,F,Bachelor,Tier3,0
75,50939.0,617.0,3,84136,0.257,10,M,PhD,Tier2,1
24,47066.0,662.0,11,21435,,10,F,High School,Tier3,0
74,26572.0,681.0,26,85117,0.224,11,F,Bachelor,Tier1,0
53,52889.0,532.0,22,15191,0.626,12,F,PhD,Tier3,0
62,59186.0,643.0,24,85726,0.709,2,F,PhD,Tier1,1
37,25649.0,848.0,20,28386,0.319,7,M,High School,Tier1,0
18,35568.0,828.0,23,32721,0.69,1,M,Bachelor,Tier1,0
25,99727.0,482.0,24,55786,0.214,6,M,Bachelor,Tier1,0
63,25085.0,340.0,31,14704,0.428,6,F,High School,Tier3,0
33,,696.0,31,57635,0.687,3,F,PhD,Tier1,1
31,72508.0,793.0,4,3123,0.261,2,M,PhD,Tier1,0
29,64106.0,632.0,35,91710,0.763,12,M,High School,Tier3,1
68,28897.0,426.0,38,63993,0.098,2,F,High School,Tier2,0
40,34320.0,300.0,15,81122,0.015,14,M,High School,Tier3,1
32,19683.0,467.0,32,98512,0.723,13,M,PhD,Tier3,1
45,37967.0,318.0,20,26416,0.055,9,F,High School,Tier3,0
51,65052.0,631.0,8,2814,0.794,11,M,Bachelor,Tier1,1
19,27686.0,,5,79537,0.761,5,F,Bachelor,Tier1,1
49,56305.0,,34,51258,0.11,7,M,Bachelor,Tier1,0
40,45791.0,567.0,38,17508,0.43,12,F,High School,Tier2,1
39,48480.0,744.0,21,86166,0.148,5,F,High School,Tier1,0
68,28505.0,539.0,4,79916,0.343,7,F,PhD,Tier2,0
42,30414.0,600.0,22,36699,0.049,13,F,PhD,Tier1,0
75,14423.0,402.0,16,47335,0.179,4,F,Master,Tier3,0
79,,549.0,11,47806,0.291,8,M,High School,Tier1,0
78,64974.0,752.0,22,78853,0.351,13,M,Bachelor,Tier2,0
39,22818.0,819.0,15,64768,0.782,11,M,Bachelor,Tier2,0
75,24583.0,452.0,2,36739,0.646,14,F,High School,Tier1,1
75,50015.0,473.0,29,35785,0.59,10,M,PhD,Tier3,0
39,44417.0,642.0,21,32980,0.43,13,F,Bachelor,Tier1,0
66,51273.0,730.0,8,90335,0.672,11,F,High School,Tier1,1
69,20300.0,623.0,28,95702,0.271,10,M,PhD,Tier1,1
59,130879.0,719.0,36,86016,0.567,7,F,PhD,Tier3,0
23,19774.0,784.0,22,2609,0.795,10,M,High School,Tier2,1
32,39227.0,711.0,12,67253,0.252,5,F,Bachelor,Tier3,1
71,532761.0,383.0,31,86481,0.539,11,F,Bachelor,Tier2,0
60,20063.0,412.0,22,92128,0.675,6,M,Bachelor,Tier2,1
77,30178.0,631.0,16,29141,0.733,5,F,High School,Tier2,1
54,36741.0,677.0,39,31009,0.574,7,M,Bachelor,Tier3,1
50,26239.0,340.0,20,7782,0.227,12,F,PhD,Tier1,0
25,58023.0,404.0,1,93072,,2,M,Bachelor,Tier1,0
70,33496.0,501.0,36,26933,0.017,5,F,High School,Tier1,0
77,18571.0,749.0,5,78154,0.609,10,M,Bachelor,Tier1,0
61,17799.0,565.0,17,9307,0.034,3,M,Bachelor,Tier1,0
61,49172.0,509.0,29,93207,0.692,9,F,Master,Tier3,0
22,17268.0,,21,76874,0.095,13,M,Bachelor,Tier3,0
56,42540.0,676.0,32,39346,0.138,6,F,High School,Tier3,1
21,45357.0,839.0,29,51772,,13,F,High School,Tier3,0
23,22077.0,383.0,16,73084,0.59,10,M,Master,Tier3,1
62,56690.0,753.0,31,41149,0.111,3,M,High School,Tier3,0
49,15384.0,813.0,13,87700,0.352,7,M,Master,Tier3,0
69,42117.0,686.0,9,28526,0.386,4,M,High School,Tier1,1
47,35581.0,649.0,35,97758,0.17,14,M,Bachelor,Tier2,0
64,34217.0,595.0,33,86712,0.092,3,F,Bachelor,Tier3,0
52,20151.0,557.0,8,69477,0.669,8,M,PhD,Tier2,1
72,22731.0,,27,6695,0.402,13,F,PhD,Tier3,1
57,81585.0,567.0,10,40169,0.012,4,M,High School,Tier3,1
69,66674.0,718.0,13,48947,0.642,11,M,Bachelor,Tier1,1
33,52630.0,534.0,38,48224,0.785,1,M,High School,Tier2,1
30,58100.0,610.0,18,46865,0.485,6,F,Bachelor,Tier1,1
67,55437.0,656.0,14,26553,0.403,10,M,Bachelor,Tier1,0
77,30894.0,512.0,27,61410,0.703,11,F,PhD,Tier2,1
59,532761.0,348.0,23,91895,0.762,11,F,PhD,Tier1,0
47,17391.0,426.0,7,25816,0.604,1,F,Bachelor,Tier3,1
36,34722.0,522.0,8,56026,0.356,5,M,Bachelor,Tier3,1
34,65624.0,578.0,32,51705,0.474,7,F,Master,Tier3,0
73,532761.0,707.0,32,62922,0.561,6,M,Master,Tier3,0
36,60570.0,804.0,18,74914,0.155,14,F,High School,Tier3,0
45,38017.0,593.0,2,2881,,2,M,Bachelor,Tier1,1
75,18166.0,576.0,9,40567,0.664,11,F,Bachelor,Tier1,0
72,20875.0,737.0,39,48365,0.524,4,M,High School,Tier3,1
43,57506.0,406.0,0,80211,,11,M,High School,Tier3,1
54,47870.0,719.0,28,71122,0.531,2,M,High School,Tier1,0
43,38211.0,728.0,33,26006,0.095,11,F,Bachelor,Tier2,0
70,31665.0,674.0,12,42198,0.321,1,F,High School,Tier1,0
79,40347.0,372.0,0,23831,0.635,3,M,High School,Tier1,1
40,56395.0,,33,17459,0.176,3,F,High School,Tier1,0
26,75957.0,487.0,28,33443,0.149,12,F,Master,Tier1,0
29,77795.0,663.0,12,43316,0.761,7,F,Master,Tier1,0
70,43738.0,750.0,28,97131,0.168,1,F,Bachelor,Tier2,0
18,33324.0,494.0,38,65486,0.209,9,F,Bachelor,Tier3,0
75,39070.0,455.0,23,6877,0.776,11,F,PhD,Tier3,1
75,47148.0,471.0,25,40553,0.588,6,F,High School,Tier2,0
18,47053.0,340.0,16,5922,0.56,4,M,High School,Tier3,1
64,69842.0,362.0,6,5686,0.682,3,M,High School,Tier3,1
51,104597.0,322.0,12,33766,0.093,3,F,High School,Tier3,1
49,32773.0,659.0,4,80943,0.565,2,M,Bachelor,Tier2,1
79,106717.0,374.0,25,33006,0.403,2,M,PhD,Tier2,0
71,65259.0,417.0,2,32422,0.663,14,M,Bachelor,Tier3,1
65,34530.0,679.0,6,13205,0.407,12,F,Bachelor,Tier3,0
42,76824.0,589.0,38,87590,0.496,13,F,PhD,Tier3,0
57,84357.0,739.0,0,24527,0.382,10,F,High School,Tier1,1
62,28849.0,306.0,16,19443,0.383,5,F,High School,Tier1,1
70,86345.0,,24,17524,,9,F,Bachelor,Tier1,0
18,,720.0,2,29202,0.503,2,M,Bachelor,Tier2,1
33,118691.0,492.0,14,66552,0.507,2,F,High School,Tier3,1
78,29377.0,447.0,28,47142,0.36,12,M,Bachelor,Tier2,0
56,30433.0,501.0,31,62692,0.425,6,F,Bachelor,Tier2,1
22,13182.0,743.0,25,83384,0.597,13,M,Bachelor,Tier2,1
39,48319.0,718.0,15,21855,0.661,10,F,Bachelor,Tier3,1
46,43810.0,726.0,24,84747,0.557,2,F,Bachelor,Tier1,0
72,27405.0,778.0,27,61372,0.739,12,F,High School,Tier3,0
20,34859.0,774.0,8,26095,0.656,4,F,Bachelor,Tier3,0
29,18852.0,425.0,0,39724,0.449,6,F,High School,Tier2,1
43,66119.0,694.0,28,50241,0.537,5,F,PhD,Tier2,0
33,,624.0,21,53003,,1,M,Bachelor,Tier2,0
68,170591.0,691.0,15,69379,0.495,6,F,Bachelor,Tier1,0
54,33262.0,739.0,6,95837,0.66,1,M,Master,Tier1,1
39,24839.0,503.0,13,92996,0.551,3,F,Bachelor,Tier1,1
74,29550.0,785.0,28,98454,0.442,10,M,Bachelor,Tier3,0
46,,330.0,18,95283,0.193,5,M,Master,Tier2,1
31,46218.0,687.0,18,16972,0.341,14,M,Master,Tier3,0
45,29438.0,733.0,1,94846,0.774,10,M,Bachelor,Tier1,1
22,63935.0,675.0,14,23927,0.526,13,M,High School,Tier2,1
64,31654.0,643.0,2,67630,0.452,5,M,Bachelor,Tier1,0
66,72563.0,742.0,10,53347,0.746,13,F,Master,Tier2,1
47,53036.0,374.0,29,89860,0.469,10,M,High School,Tier2,0
63,36838.0,,39,87210,0.421,6,F,High School,Tier3,0
79,80026.0,729.0,17,70518,,12,F,Master,Tier3,0
69,58462.0,662.0,1,46283,0.57,10,M,High School,Tier1,0
22,158436.0,747.0,31,82326,0.155,8,M,Master,Tier3,0
29,29592.0,533.0,7,13205,0.377,5,F,Bachelor,Tier3,1
33,37733.0,561.0,21,90874,0.378,14,M,Bachelor,Tier3,1
43,79566.0,424.0,5,13748,0.303,11,M,High School,Tier2,1
43,16784.0,544.0,11,22097,0.414,1,M,Master,Tier3,1
65,70155.0,841.0,39,4092,0.33,5,M,Bachelor,Tier1,0
38,45236.0,784.0,35,54311,0.159,3,M,Bachelor,Tier2,0
56,23292.0,421.0,14,23692,0.33,4,M,Bachelor,Tier2,1
53,18370.0,424.0,27,24862,0.058,13,M,Master,Tier3,1
50,25945.0,848.0,17,91396,0.461,8,F,PhD,Tier2,0
79,11586.0,469.0,1,80507,0.683,7,M,Bachelor,Tier1,1
47,28430.0,423.0,12,81152,,11,F,Bachelor,Tier1,1
54,49576.0,334.0,14,71469,0.288,5,F,PhD,Tier2,0
40,28619.0,386.0,19,5926,0.07,2,F,Bachelor,Tier3,0
75,72704.0,500.0,28,92299,,6,F,High School,Tier3,0
27,83280.0,668.0,28,4969,0.436,11,M,High School,Tier2,0
71,68721.0,376.0,2,36733,0.166,6,F,Master,Tier1,1
22,40754.0,358.0,18,70855,0.435,10,F,Bachelor,Tier2,1
53,11357.0,730.0,2,42743,0.185,10,F,Bachelor,Tier3,1
51,25543.0,799.0,13,40876,0.679,14,F,Bachelor,Tier3,1
69,532761.0,408.0,39,21323,0.318,11,F,High School,Tier2,0
48,23226.0,577.0,3,17428,0.196,6,M,Bachelor,Tier1,0
27,33868.0,367.0,10,35578,0.65,14,M,High School,Tier2,1
75,81229.0,368.0,30,87486,0.274,9,F,Bachelor,Tier1,1
36,15948.0,464.0,31,65140,0.089,11,M,Bachelor,Tier1,1
75,89845.0,788.0,26,84829,0.456,8,M,Bachelor,Tier2,0
49,56520.0,604.0,29,7364,0.465,8,F,Master,Tier2,1
18,41527.0,664.0,1,36349,0.572,1,F,Master,Tier1,1
73,25417.0,678.0,8,1691,0.192,5,F,Master,Tier1,0
22,23459.0,642.0,27,96598,0.355,7,M,High School,Tier1,0
62,16105.0,653.0,30,67467,0.226,6,F,High School,Tier1,0
21,85680.0,715.0,33,46896,0.065,5,M,Bachelor,Tier3,0
33,78339.0,408.0,14,58062,0.701,8,M,PhD,Tier2,1
41,17977.0,796.0,24,98266,0.583,3,M,Master,Tier1,1
33,27548.0,640.0,35,80762,0.241,6,F,Master,Tier2,0
72,45097.0,682.0,7,14861,0.479,5,M,Bachelor,Tier1,1
19,31264.0,832.0,8,97837,0.161,8,F,Bachelor,Tier2,0
66,13914.0,599.0,36,89302,0.712,4,F,Bachelor,Tier2,1
45,26137.0,438.0,38,64928,0.092,8,F,High School,Tier1,0
49,96328.0,658.0,31,84231,0.003,10,F,High School,Tier1,0
44,27038.0,798.0,16,42347,0.402,14,F,PhD,Tier2,0
37,33465.0,684.0,34,4121,0.467,2,M,High School,Tier2,0
41,20484.0,579.0,36,84793,0.463,9,M,High School,Tier2,0
29,48721.0,782.0,18,29164,0.044,13,M,High School,Tier3,0
67,38467.0,410.0,28,26491,0.251,9,M,PhD,Tier1,0
52,25059.0,438.0,6,60222,0.399,14,M,Bachelor,Tier3,1
77,18914.0,734.0,27,24165,0.173,10,F,Bachelor,Tier3,0
50,73296.0,808.0,8,4748,0.698,10,F,PhD,Tier1,0
50,16272.0,572.0,27,99581,0.07,13,M,Bachelor,Tier1,1
78,46719.0,398.0,5,27553,0.39,6,M,Bachelor,Tier3,0
68,12370.0,403.0,28,61380,0.553,4,M,High School,Tier1,0
60,51720.0,513.0,16,45331,0.209,4,F,High School,Tier2,0
54,,464.0,15,97033,0.499,13,F,Master,Tier2,1
29,62780.0,819.0,22,97844,0.664,6,F,Master,Tier3,0
20,33503.0,583.0,30,40560,0.152,5,M,Bachelor,Tier3,0
18,80177.0,816.0,2,54865,0.734,6,M,Bachelor,Tier1,1
50,,463.0,20,47686,0.443,7,M,Bachelor,Tier1,1
57,30920.0,363.0,25,76910,0.239,7,M,High School,Tier3,1
27,28983.0,390.0,35,5675,0.345,9,F,High School,Tier3,1
60,,416.0,36,67706,0.25,8,M,High School,Tier2,1
61,28599.0,566.0,21,78986,0.58,13,M,High School,Tier2,1
46,26584.0,439.0,11,77216,0.637,6,M,Master,Tier1,1
30,27767.0,545.0,12,11068,0.666,12,F,High School,Tier2,1
29,85637.0,694.0,10,55460,0.789,6,F,High School,Tier1,0
48,,786.0,15,47418,0.633,14,M,Bachelor,Tier1,1
63,28553.0,775.0,7,27206,0.481,5,F,Master,Tier1,0
19,10640.0,816.0,39,1287,0.271,1,F,High School,Tier2,0
78,16777.0,483.0,39,23337,0.436,9,F,High School,Tier3,0
68,46710.0,319.0,1,21666,0.033,9,F,Bachelor,Tier3,0
67,12571.0,823.0,29,2161,0.596,9,F,Master,Tier2,0
52,42045.0,828.0,29,91071,0.357,11,M,Bachelor,Tier3,1
40,21316.0,446.0,11,99064,,8,M,Master,Tier1,1
34,38021.0,603.0,9,39751,0.05,13,M,PhD,Tier3,0
43,37493.0,527.0,10,83063,0.31,10,F,Master,Tier2,1
25,38572.0,,14,90389,0.467,13,F,Bachelor,Tier3,0
46,29815.0,716.0,15,15758,0.371,3,F,Bachelor,Tier1,1
43,29329.0,515.0,16,66780,0.495,1,F,High School,Tier1,1
27,25326.0,706.0,25,4178,0.384,11,M,PhD,Tier2,0
43,46255.0,698.0,1,32831,0.529,12,M,Bachelor,Tier2,0
79,54317.0,,11,3176,0.175,12,M,High School,Tier2,0
51,19742.0,764.0,25,34654,0.09,8,M,Bachelor,Tier1,0
68,,381.0,22,27627,,7,M,High School,Tier3,1
58,40066.0,664.0,17,53550,0.388,13,M,Bachelor,Tier3,0
24,,462.0,31,45910,0.021,5,F,Bachelor,Tier2,0
21,39473.0,347.0,37,91417,0.304,10,F,Bachelor,Tier3,1
75,,810.0,2,59251,0.085,7,M,Master,Tier3,0
70,41752.0,628.0,37,36422,0.425,10,F,High School,Tier2,0
67,49464.0,415.0,2,12984,,4,M,Bachelor,Tier2,1
62,38968.0,636.0,29,90312,0.491,9,M,Bachelor,Tier1,1
28,46768.0,446.0,0,62386,0.644,11,F,Bachelor,Tier1,1
46,59586.0,622.0,29,84291,0.24,10,M,Master,Tier1,0
73,14393.0,742.0,31,8135,,14,M,Bachelor,Tier1,0
53,58205.0,312.0,27,1320,,2,M,Bachelor,Tier3,1
42,43097.0,793.0,20,95171,0.495,9,F,High School,Tier3,0
38,20830.0,586.0,12,22684,0.545,9,F,PhD,Tier1,1
78,54243.0,413.0,26,56913,0.533,5,F,Bachelor,Tier1,0
74,29757.0,779.0,35,89774,0.409,11,F,Master,Tier2,0
53,31857.0,321.0,6,22889,0.343,1,M,High School,Tier3,0
27,28174.0,648.0,21,96849,0.043,7,F,High School,Tier3,0
54,42243.0,619.0,9,99071,0.018,10,F,Bachelor,Tier1,1
26,24521.0,425.0,38,49899,0.286,10,F,Master,Tier3,1
41,56996.0,576.0,14,11770,0.267,4,M,Bachelor,Tier2,0
52,33879.0,503.0,14,40321,0.31,9,F,PhD,Tier2,1
66,30269.0,493.0,3,86962,0.111,6,F,Bachelor,Tier3,1
52,52914.0,846.0,31,42777,0.591,13,M,Bachelor,Tier1,0
65,30952.0,585.0,22,47250,0.686,3,M,High School,Tier3,1
53,58342.0,,5,74034,0.751,6,M,Master,Tier2,1
35,,602.0,23,41130,0.394,13,M,High School,Tier1,1
66,18631.0,462.0,19,82931,0.561,10,F,Master,Tier3,1
56,63236.0,318.0,36,50346,0.684,6,M,PhD,Tier1,1
49,17482.0,669.0,19,3537,0.335,5,F,PhD,Tier1,1
41,65237.0,563.0,11,85762,0.248,2,F,Bachelor,Tier2,0
40,100125.0,412.0,32,16216,0.749,10,F,Bachelor,Tier1,1
79,56241.0,787.0,27,85149,0.413,10,F,Master,Tier3,0
49,12351.0,626.0,7,4009,0.398,2,F,High School,Tier1,1
54,61807.0,841.0,0,90904,0.143,7,M,Bachelor,Tier1,0
29,111643.0,364.0,36,30327,0.087,2,F,High School,Tier3,0
66,31209.0,591.0,21,15209,0.674,12,F,Bachelor,Tier2,1
72,35690.0,324.0,5,49443,0.491,6,F,High School,Tier2,1
30,20045.0,848.0,20,16029,0.261,5,M,High School,Tier3,0
40,42448.0,300.0,31,68613,0.153,4,F,Bachelor,Tier3,1
42,68499.0,848.0,34,80443,,7,F,Bachelor,Tier2,0
52,51475.0,440.0,14,57997,0.467,8,M,Bachelor,Tier1,1
58,174727.0,487.0,4,63559,0.166,4,F,High School,Tier3,0
47,36920.0,427.0,5,65892,0.681,1,F,Bachelor,Tier1,1
34,16069.0,500.0,24,71409,0.067,1,M,High School,Tier3,0
66,39556.0,426.0,39,9635,0.285,1,F,Bachelor,Tier2,1
79,10848.0,556.0,28,34065,0.544,11,F,Bachelor,Tier1,1
37,27818.0,846.0,6,34783,0.219,1,F,Bachelor,Tier1,0
65,81812.0,493.0,39,35152,0.662,5,F,Master,Tier3,0
42,42726.0,403.0,12,59741,0.592,4,F,Bachelor,Tier1,1
39,39723.0,834.0,37,52502,0.631,13,M,Master,Tier3,0
30,90254.0,564.0,17,30092,,14,M,Bachelor,Tier2,1
76,31719.0,683.0,1,18653,0.112,9,M,Bachelor,Tier1,0
36,68248.0,559.0,7,98999,0.229,3,F,Bachelor,Tier3,1
66,,713.0,10,41469,0.414,14,F,High School,Tier1,1
53,43915.0,657.0,32,87483,,7,F,Bachelor,Tier3,0
29,19758.0,374.0,37,60754,0.669,11,M,Bachelor,Tier3,1
78,28537.0,654.0,26,30978,0.563,8,F,Bachelor,Tier3,0
58,18056.0,487.0,19,88592,0.743,6,F,High School,Tier2,1
36,34626.0,589.0,11,95543,0.591,12,F,High School,Tier1,1
29,44143.0,344.0,30,44169,0.245,13,M,PhD,Tier2,1
26,20847.0,382.0,26,49287,0.212,10,M,Bachelor,Tier3,1
24,101173.0,422.0,31,55745,0.557,13,F,High School,Tier3,0
45,41733.0,657.0,9,6543,0.154,1,F,Bachelor,Tier2,0
31,37380.0,827.0,2,57392,0.074,8,F,Bachelor,Tier2,0
48,53360.0,365.0,26,22067,,10,M,Master,Tier1,1
69,23993.0,674.0,34,52033,0.657,3,M,High School,Tier3,0
36,39408.0,461.0,30,46256,0.081,8,M,High School,Tier2,0
75,25376.0,679.0,14,91633,,12,F,Master,Tier3,1
64,79168.0,657.0,15,70345,0.649,4,M,High School,Tier3,0
33,21390.0,,12,23191,0.386,8,F,High School,Tier1,1
70,37480.0,621.0,34,87803,0.046,11,F,PhD,Tier1,0
22,42815.0,749.0,10,73742,0.14,1,M,Bachelor,Tier1,0
52,44241.0,773.0,20,87593,0.566,3,F,High School,Tier2,0
29,27156.0,312.0,10,29992,0.569,6,M,High School,Tier3,1
42,23207.0,483.0,29,82531,0.719,9,F,High School,Tier2,1
69,,,34,49803,0.466,2,F,High School,Tier2,0
76,47295.0,807.0,21,64477,0.099,11,M,Master,Tier1,0
38,33795.0,589.0,37,14210,0.097,1,F,Bachelor,Tier3,1
53,54073.0,594.0,30,84329,0.577,10,F,Master,Tier3,1
70,46096.0,750.0,13,27270,0.147,3,F,PhD,Tier1,0
40,11632.0,514.0,23,63008,0.263,4,F,Bachelor,Tier3,1
33,,326.0,31,6197,,11,F,High School,Tier1,1
74,111885.0,530.0,35,8452,0.02,5,F,Bachelor,Tier2,0
56,70448.0,620.0,31,42486,0.199,3,F,PhD,Tier2,0
62,44846.0,532.0,14,15859,0.326,13,F,Master,Tier1,0
70,21381.0,736.0,34,28236,0.224,10,M,High School,Tier2,0
59,46109.0,,2,32899,0.109,11,M,Bachelor,Tier2,0
75,52568.0,702.0,15,33083,0.582,2,F,Bachelor,Tier1,1
56,31988.0,352.0,4,68708,0.651,2,F,PhD,Tier2,1
31,42547.0,612.0,20,17663,0.206,7,M,High School,Tier3,1
48,77252.0,,9,94076,0.62,9,F,Bachelor,Tier2,0
75,23655.0,330.0,18,20053,0.308,10,M,Master,Tier1,1
22,21393.0,636.0,24,12085,0.405,2,M,Bachelor,Tier3,1
52,51346.0,482.0,3,31564,0.685,7,M,Bachelor,Tier3,1
40,,322.0,28,90745,0.6,7,F,High School,Tier2,1
46,60743.0,843.0,18,60095,0.644,11,F,High School,Tier3,0
60,48285.0,,1,70517,0.109,7,F,Bachelor,Tier1,0
28,27340.0,,9,22153,0.056,3,M,PhD,Tier3,1
35,45075.0,309.0,24,6247,0.715,12,M,High School,Tier2,1
64,20515.0,783.0,19,11553,0.31,7,M,Bachelor,Tier2,0
29,32043.0,755.0,18,21811,0.23,1,F,Bachelor,Tier3,1
26,46695.0,,22,96381,0.58,10,M,High School,Tier1,1
27,30325.0,313.0,23,7135,0.669,1,M,Bachelor,Tier1,1
75,124744.0,477.0,10,6573,0.69,5,F,Master,Tier2,0
61,,711.0,33,80267,0.253,2,M,Master,Tier2,0
34,27618.0,352.0,27,8189,0.682,9,M,Bachelor,Tier1,1
78,532761.0,707.0,4,81077,,7,F,Bachelor,Tier3,0
55,25586.0,321.0,4,44646,0.04,4,F,High School,Tier3,0
24,26330.0,329.0,20,77623,0.499,4,M,PhD,Tier3,1
63,18709.0,559.0,11,54687,0.05,2,F,High School,Tier3,0
30,52910.0,504.0,3,69312,0.26,5,M,Master,Tier1,1
57,27624.0,358.0,19,28564,0.538,4,F,High School,Tier2,1
59,39410.0,770.0,37,29835,0.27,12,M,PhD,Tier2,0
26,29219.0,765.0,24,62587,0.144,13,F,Master,Tier3,0
67,25708.0,311.0,13,8697,0.225,1,M,Master,Tier1,1
44,83795.0,589.0,10,81165,0.366,12,F,High School,Tier1,0
75,57610.0,653.0,31,74922,0.38,8,F,Bachelor,Tier3,0
19,14269.0,,10,18046,0.626,3,F,Bachelor,Tier3,1
22,13533.0,740.0,17,58823,0.6,14,F,Master,Tier3,1
46,61163.0,540.0,26,74580,0.365,6,F,High School,Tier2,0
54,28003.0,,17,54370,0.677,4,F,PhD,Tier3,0
55,,395.0,22,10615,0.091,9,F,Master,Tier2,0
36,61259.0,593.0,10,6060,0.204,7,M,High School,Tier1,0
25,39519.0,508.0,20,77436,0.662,9,M,Master,Tier1,1
65,41183.0,642.0,4,61519,0.302,10,F,Bachelor,Tier2,1
62,54435.0,,22,72117,0.785,3,F,Bachelor,Tier2,0
18,18864.0,689.0,24,62158,0.373,1,M,Bachelor,Tier2,1
39,16062.0,624.0,9,35782,0.634,5,M,Bachelor,Tier2,1
69,80055.0,456.0,21,86709,0.322,3,F,Master,Tier3,0
34,17701.0,436.0,18,79533,0.34,6,M,Bachelor,Tier1,1
24,19709.0,727.0,0,59255,0.306,8,M,Bachelor,Tier3,1
42,21780.0,751.0,6,73684,0.575,11,F,Bachelor,Tier2,1
62,102741.0,440.0,3,57918,0.438,13,F,Master,Tier3,0
21,46476.0,382.0,0,85284,0.755,4,F,High School,Tier3,1
53,58847.0,476.0,14,80558,0.201,5,M,Master,Tier1,0
23,40058.0,497.0,39,86549,0.08,5,F,Bachelor,Tier3,1
77,26877.0,720.0,11,82422,0.315,4,F,High School,Tier1,0
48,49793.0,700.0,21,26256,0.493,4,M,High School,Tier2,0
36,16675.0,,21,31005,0.689,4,F,Bachelor,Tier3,1
78,21001.0,517.0,16,7638,0.277,4,M,Master,Tier2,1
61,52390.0,474.0,28,38419,0.523,4,M,Bachelor,Tier1,0
71,,322.0,13,34377,0.28,5,M,Master,Tier2,1
56,33039.0,534.0,19,44116,0.494,2,M,High School,Tier2,1
44,33800.0,312.0,32,37634,0.708,2,M,Bachelor,Tier1,1
27,27880.0,400.0,14,83291,,9,M,PhD,Tier2,1
43,13690.0,835.0,11,24382,0.323,2,F,Master,Tier2,0
36,26516.0,822.0,39,57063,0.795,6,F,High School,Tier2,1
56,24040.0,751.0,19,23394,0.695,2,F,Bachelor,Tier3,0
79,39368.0,730.0,29,68789,,5,M,High School,Tier2,0
20,38378.0,832.0,37,1864,0.413,4,F,Bachelor,Tier1,0
62,43869.0,592.0,2,41222,0.228,12,M,Master,Tier3,1
30,,400.0,27,14666,0.414,7,F,Master,Tier3,1
67,47164.0,801.0,25,21955,0.679,7,M,High School,Tier1,0
45,16680.0,603.0,29,82845,0.548,13,F,PhD,Tier2,1
79,14603.0,839.0,12,70590,0.232,6,M,Bachelor,Tier3,0
75,11296.0,654.0,12,67471,0.161,10,F,Bachelor,Tier3,1
37,28292.0,602.0,1,89314,0.212,5,M,Bachelor,Tier3,1
45,24918.0,,36,44298,0.136,1,F,Bachelor,Tier2,0
25,53887.0,,37,64108,0.077,12,M,Bachelor,Tier3,1
78,26256.0,535.0,1,49924,0.335,3,F,Bachelor,Tier1,0
58,41634.0,754.0,35,17709,0.091,9,F,Bachelor,Tier2,0
56,54537.0,312.0,25,10726,0.138,14,F,High School,Tier1,1
18,25766.0,509.0,10,61824,0.438,1,M,Master,Tier1,1
20,42151.0,696.0,7,41542,0.132,5,M,Bachelor,Tier3,0
30,59931.0,399.0,39,21245,0.051,2,M,High School,Tier3,0
45,19553.0,330.0,21,35753,0.254,4,M,Master,Tier3,1
79,36769.0,827.0,19,80788,0.176,14,M,PhD,Tier1,0
74,25822.0,628.0,7,22316,0.412,14,F,PhD,Tier2,0
77,20186.0,465.0,28,85698,0.082,11,M,Bachelor,Tier3,0
66,16844.0,758.0,39,16960,0.601,1,F,High School,Tier3,0
42,20023.0,399.0,25,31791,0.725,3,F,Bachelor,Tier1,1
73,37422.0,472.0,29,26216,0.595,10,M,High School,Tier2,1
50,16229.0,461.0,16,33467,0.426,7,F,PhD,Tier1,1
55,27574.0,562.0,19,65427,0.689,10,M,High School,Tier3,1
70,54534.0,573.0,15,63047,0.556,3,M,High School,Tier1,1
23,45456.0,302.0,6,74290,0.008,4,M,Bachelor,Tier3,0
75,27854.0,,15,48014,0.315,2,F,Bachelor,Tier2,1
61,84528.0,625.0,26,5078,0.681,3,M,Master,Tier1,1
62,93574.0,448.0,22,79389,0.277,9,M,Bachelor,Tier3,1
49,36792.0,839.0,23,51519,0.028,3,M,High School,Tier3,0
62,10569.0,787.0,8,5042,0.597,11,F,High School,Tier3,1
78,56569.0,737.0,34,50052,0.642,5,M,Bachelor,Tier3,0
64,11533.0,364.0,19,15389,0.128,2,F,High School,Tier1,0
38,75968.0,655.0,36,96961,0.43,4,F,Bachelor,Tier3,0
33,62429.0,832.0,16,69111,0.154,12,M,Bachelor,Tier1,0
71,88177.0,551.0,30,94715,0.575,13,F,Master,Tier3,0
38,41362.0,534.0,7,51733,0.217,7,F,PhD,Tier1,1
28,30312.0,526.0,14,35754,0.253,14,M,PhD,Tier1,0
77,28997.0,824.0,30,19624,0.676,7,M,PhD,Tier3,1
54,27635.0,612.0,29,86886,0.381,12,M,High School,Tier3,0
53,59310.0,348.0,19,27681,0.536,3,F,High School,Tier3,1
52,51851.0,417.0,38,90524,0.322,5,M,Bachelor,Tier3,1
36,38565.0,353.0,11,82006,0.238,1,F,Master,Tier2,1
37,25308.0,343.0,16,25704,0.5,10,F,PhD,Tier3,1
74,,352.0,29,95913,0.124,10,F,Master,Tier3,0
35,57307.0,824.0,28,95108,0.298,10,F,High School,Tier3,0
64,16336.0,401.0,18,8493,0.167,11,F,PhD,Tier1,1
58,28053.0,697.0,10,70639,0.557,1,M,Bachelor,Tier3,0
66,57866.0,437.0,33,55383,0.755,5,M,High School,Tier1,1
31,24348.0,686.0,6,3994,0.796,13,F,Bachelor,Tier1,1
32,43294.0,410.0,33,70280,0.36,10,F,High School,Tier1,1
48,58419.0,316.0,19,48234,0.202,9,M,Bachelor,Tier1,1
18,6672.0,481.0,37,48291,0.354,1,M,Bachelor,Tier2,1
70,34405.0,835.0,23,93868,0.678,1,F,Bachelor,Tier3,1
71,35087.0,840.0,9,6594,0.165,4,F,Bachelor,Tier1,0
71,29553.0,470.0,31,8371,0.762,4,M,Master,Tier3,1
20,42228.0,708.0,14,48315,0.273,2,M,Bachelor,Tier1,1
33,50451.0,677.0,36,84564,0.789,9,F,Bachelor,Tier2,0
40,38988.0,487.0,19,80526,0.671,14,M,Master,Tier1,1
74,30124.0,529.0,2,17626,0.647,9,M,PhD,Tier3,0
28,49826.0,418.0,36,87005,0.254,13,F,High School,Tier3,0
29,,455.0,39,8130,0.007,13,F,Bachelor,Tier2,1
27,32359.0,764.0,7,7828,0.306,2,F,High School,Tier3,1
49,18842.0,403.0,39,58514,0.241,14,M,High School,Tier3,1
33,16625.0,801.0,22,53664,0.03,9,F,Bachelor,Tier1,0
25,18664.0,474.0,39,18883,0.404,6,M,Master,Tier3,1
55,41737.0,720.0,10,44059,0.322,8,F,High School,Tier1,0
29,34907.0,433.0,7,85078,0.508,10,F,Master,Tier2,1
41,17324.0,690.0,28,43932,0.497,13,M,Master,Tier3,1
45,50159.0,,29,62269,0.097,13,M,PhD,Tier1,1
70,,332.0,9,76986,0.782,4,F,High School,Tier3,1
25,26923.0,354.0,38,86959,0.15,2,F,PhD,Tier1,1
75,,818.0,27,3035,0.356,2,M,Bachelor,Tier2,1
45,25474.0,311.0,35,41745,0.39,9,F,Bachelor,Tier1,1
53,55671.0,827.0,12,18241,0.65,1,M,High School,Tier3,0
43,47775.0,672.0,31,53975,0.079,12,M,High School,Tier1,0
25,22897.0,783.0,35,24154,0.343,7,F,Master,Tier3,0
75,77698.0,527.0,36,26625,0.503,11,M,Bachelor,Tier2,0
77,71263.0,606.0,25,45950,0.172,14,M,High School,Tier1,0
67,25172.0,756.0,21,99602,0.502,3,M,High School,Tier3,0
45,25043.0,,3,57396,0.739,3,F,Bachelor,Tier3,1
45,26999.0,630.0,30,14331,,2,M,High School,Tier3,0
54,28179.0,524.0,17,64927,0.026,14,F,Master,Tier1,1
58,58411.0,803.0,37,87226,0.188,10,F,High School,Tier1,1
53,,755.0,23,85719,0.248,6,F,High School,Tier1,0
44,56305.0,344.0,22,64014,0.319,13,M,Bachelor,Tier2,0
71,50857.0,513.0,21,40346,0.194,10,M,Bachelor,Tier3,0
34,85584.0,358.0,1,71411,0.163,2,F,Bachelor,Tier3,1
26,21382.0,494.0,30,55478,0.764,10,F,Bachelor,Tier2,1
50,43922.0,788.0,10,13254,,4,M,PhD,Tier2,1
70,12247.0,456.0,27,56734,0.038,10,F,Bachelor,Tier1,1
37,18798.0,525.0,31,29621,0.271,9,F,High School,Tier1,1
30,34981.0,711.0,4,77441,0.324,9,M,Bachelor,Tier1,0
45,44761.0,504.0,37,47121,0.191,6,F,Master,Tier1,0
65,34513.0,378.0,9,82418,0.503,13,M,Bachelor,Tier1,1
46,27348.0,423.0,39,61197,0.512,4,M,High School,Tier1,0
30,29890.0,770.0,23,85577,0.68,7,F,Master,Tier2,0
63,72021.0,517.0,34,95634,0.593,14,M,Bachelor,Tier2,0
52,29970.0,815.0,22,43431,,1,M,Bachelor,Tier2,1
78,87083.0,403.0,16,5837,0.523,12,M,High School,Tier3,1
23,54014.0,692.0,0,91025,0.219,4,F,High School,Tier3,1
35,45650.0,733.0,30,84163,0.474,5,F,Bachelor,Tier1,1
68,19994.0,630.0,30,72232,0.391,8,F,High School,Tier2,0
22,57966.0,442.0,33,49994,0.107,12,M,Bachelor,Tier3,1
64,28370.0,839.0,8,80079,0.194,2,M,Bachelor,Tier3,0
42,19985.0,577.0,21,13615,0.233,12,F,High School,Tier2,0
19,46930.0,532.0,12,2466,0.739,5,F,PhD,Tier3,1
27,18142.0,828.0,24,31771,0.184,6,M,Master,Tier3,0
73,24806.0,389.0,17,84886,0.231,5,F,Master,Tier2,0
47,36132.0,791.0,11,66911,0.295,13,F,High School,Tier3,0
67,110107.0,498.0,39,99566,0.531,9,F,High School,Tier2,0
76,25759.0,661.0,16,21746,0.095,10,F,Bachelor,Tier3,0
62,28879.0,740.0,14,89422,,1,F,High School,Tier2,1
22,52374.0,325.0,14,61739,0.692,14,M,PhD,Tier3,1
72,,324.0,14,99187,0.462,3,F,High School,Tier3,1
73,45315.0,693.0,38,74369,0.539,14,F,Bachelor,Tier2,0
50,66367.0,806.0,12,2893,0.013,2,M,Bachelor,Tier3,0
71,31146.0,600.0,16,31573,0.271,12,M,Bachelor,Tier2,0
18,60662.0,638.0,31,97907,0.637,13,M,High School,Tier2,1
35,42012.0,566.0,8,41874,0.062,3,M,Bachelor,Tier3,0
49,25201.0,760.0,39,78362,0.226,10,F,High School,Tier1,0
64,32895.0,755.0,19,88460,0.468,9,F,Master,Tier3,0
66,30035.0,,25,34367,0.205,13,F,High School,Tier1,0
70,86345.0,,24,17524,,9,F,Bachelor,Tier1,0
42,41175.0,,10,68231,0.158,4,F,Bachelor,Tier2,0
52,69473.0,612.0,20,76139,0.478,8,M,Master,Tier3,0
36,15948.0,464.0,31,65140,0.089,11,M,Bachelor,Tier1,1
60,25666.0,378.0,0,81072,0.773,14,F,Master,Tier2,1
76,35166.0,775.0,13,71204,0.653,10,M,Bachelor,Tier2,1
79,45723.0,628.0,11,7901,0.496,5,F,Bachelor,Tier2,0
68,170591.0,691.0,15,69379,0.495,6,F,Bachelor,Tier1,0
22,63935.0,675.0,14,23927,0.526,13,M,High School,Tier2,1
19,34229.0,671.0,33,86824,0.737,6,F,Bachelor,Tier2,1
21,50288.0,765.0,36,87124,0.01,14,M,Bachelor,Tier1,0
32,36084.0,416.0,9,24666,0.774,8,F,High School,Tier3,1
77,94179.0,519.0,15,55722,0.238,4,M,PhD,Tier1,0
56,32076.0,392.0,9,59819,0.362,6,M,Master,Tier1,1
66,30269.0,493.0,3,86962,0.111,6,F,Bachelor,Tier3,1
20,99552.0,431.0,33,53227,0.658,13,F,High School,Tier2,1
62,59186.0,643.0,24,85726,0.709,2,F,PhD,Tier1,1
53,,755.0,23,85719,0.248,6,F,High School,Tier1,0
40,131358.0,734.0,12,52493,0.502,9,M,Master,Tier2,0
65,,517.0,19,60993,0.066,10,F,Bachelor,Tier1,0
